ANZAC ID ,Mouse ID,treatment,diet,diet.P,diet.C,diet.F,ave.intake,intake.P,intake.C,intake.F,intake.E,triglycerides,uterus.weight.mg,ucp1,ucp1.batw,GTT_AUC,P4,FSH,LH,body.weight,body.fat,no.cycles,no.CL,cholesterol,adiponectin,triglycerides,uterus.weight,adipo.size,red.liver,ucp1,ucp1.batw,fgf21,basal.glucose
23363,O4.4/9,dht,1,8.88,3.03,3.22,1.953428571,17.34644571,5.918888571,6.29004,29.55537429,55.59780176,59.85,3.3133,60.6498261,20479,0.58,1065,225.66,22.2,21.4,0,2,41.63438063,4104.4915,55.59780176,0.05985,1648.8712,4.88509869,3.3133,60.6498261,,8.2
23364,O4.4/10,dht,1,8.88,3.03,3.22,1.953428571,17.34644571,5.918888571,6.29004,29.55537429,26.26735117,50.22,1.2836,22.77097747,14419,0.252,5274,719.63,21.8,18,0,,33.25169113,1635.8704,26.26735117,0.05022,1805.58108,,1.2836,22.7709775,0.01059,9.3
23365,O4.4/8,dht,1,8.88,3.03,3.22,1.953428571,17.34644571,5.918888571,6.29004,29.55537429,53.28831746,56.78,1.5309,25.69486405,25950,0.1638,1344,105.93,21.8,22.3,0,0,54.15967831,5752.9695,53.28831746,0.05678,1387.26876,2.54528339,1.5309,25.6948641,0.01059,9
23366,O4.4/6,blank,1,8.88,3.03,3.22,1.968285714,17.47837714,5.963905714,6.33788,29.78016286,52.24904953,89.89,1.2194,22.51061473,15037,0.1476,1605,118.86,20.2,17.9,2,5,60.7878514,7564.9117,52.24904953,0.08989,1510.14224,1.05870053,1.2194,22.5106147,0.03708838,10.2
23367,O4.4/7,blank,1,8.88,3.03,3.22,1.968285714,17.47837714,5.963905714,6.33788,29.78016286,,70.12,0.5833,11.66833367,18919,0.284,557.59,118.86,19.57,19.7,1,2,44.02247241,12641.1157,,0.07012,,2.03914565,0.5833,11.6683337,0.02007752,9.3
23368,O4.4/4,blank,1,8.88,3.03,3.22,1.968285714,17.47837714,5.963905714,6.33788,29.78016286,47.51460671,57.86,0.844,19.81685842,14134,0.634,1801,133.02,20.66,17.5,2,5,56.69397979,13832.2552,47.51460671,0.05786,1626.51408,3.10363032,0.844,19.8168584,0.01059,10.3
23369,O3B.4/3,blank,2,0.74,11.62,3.23,2.56114881,1.895250119,29.76054917,8.272510655,39.92830994,,31.52,1.5717,32.01670401,9155,1.086,1107,144.17,18.12,25.4,2,1,60.73911484,2443.7125,,0.03152,1887.98384,10.8713975,1.5717,32.016704,,8.7
23370,O3B.4/4,blank,2,0.74,11.62,3.23,2.56114881,1.895250119,29.76054917,8.272510655,39.92830994,44.05038027,23.05,1.9419,48.66917293,19540,0.0842,1697,141.39,17.41,25.3,2,0,50.89432833,3625.537,44.05038027,0.02305,1537.32785,9.92699977,1.9419,48.6691729,,7.4
23371,O3B.4/5,blank,2,0.74,11.62,3.23,2.56114881,1.895250119,29.76054917,8.272510655,39.92830994,58.52053813,28.37,1.7556,37.56901348,17114,1.26,,,18.68,27.1,1,0,41.75216081,,58.52053813,0.02837,2126.20083,14.4006755,1.7556,37.5690135,18.0399085,8.3
23372,O100.5/8,blank,3,0.75,3.06,12.19,3.121887125,2.341415344,9.552974603,38.05580406,49.950194,84.85145508,30.04,1.5859,26.80243367,20354,0.38,1504,107.38,21.8,19.5,2,4,39.72374159,7387.6701,84.85145508,0.03004,1992.89463,0.24565868,1.5859,26.8024337,19.4683831,6.5
23373,O100.5/7,blank,3,0.75,3.06,12.19,3.121887125,2.341415344,9.552974603,38.05580406,49.950194,46.8427822,18.51,0.369,72.8097869,33199,0.111,988.53,391.71,16.38,24.6,0,0,32.62427433,16811.5552,46.8427822,0.01851,1629.08588,48.9052487,0.369,72.8097869,2.28933381,4.9
23374,O100.5/5,dht,2,0.74,11.62,3.23,2.817702381,2.085099762,32.74170167,9.10117869,43.92798012,41.88512922,43.97,0.7181,20.55825938,11826,0.1136,700.3,101.58,17.96,24.3,0,0,37.16406972,14915.7962,41.88512922,0.04397,1809.82677,2.34277597,0.7181,20.5582594,5.09354012,8.2
23375,O3B.4/6,dht,2,0.74,11.62,3.23,2.817702381,2.085099762,32.74170167,9.10117869,43.92798012,8.007833826,44.29,1.051,24.50454651,17935,1.906,708.74,81.04,20.19,27.6,0,0,44.16694559,9549.145,8.007833826,0.04429,2154.34768,5.80141709,1.051,24.5045465,0.4978005,10.3
23376,O3B.4/7,dht,2,0.74,11.62,3.23,2.817702381,2.085099762,32.74170167,9.10117869,43.92798012,13.92947489,59.61,0.6134,10.21482098,16328,1.146,44.9,163.33,18.29,26.3,0,1,41.75216081,10002.4597,13.92947489,0.05961,2298.5317,4.71495828,0.6134,10.214821,2.81848346,8.3
23377,O2B.3/4,blank,3,0.75,3.06,12.19,3.121887125,2.341415344,9.552974603,38.05580406,49.950194,25.22190669,21.87,0.6687,11.48574373,17187,0.964,470.53,66.17,16.56,19.9,2,1,51.74936981,25928.3771,25.22190669,0.02187,1773.75376,18.2562575,0.6687,11.4857437,16.7383387,6
23378,O101.1/5,blank,4,4.84,7.31,3.19,2.116092063,10.24188559,15.46863298,6.750333683,32.46085225,35.5503504,48.87,0.5213,11.18189618,17036,2.48,2020,205.44,20.6,25.7,2,3,49.38288073,13806.2393,35.5503504,0.04887,1807.15334,0.29278388,0.5213,11.1818962,13.8062393,9.8
23379,O101.1/6,blank,4,4.84,7.31,3.19,2.116092063,10.24188559,15.46863298,6.750333683,32.46085225,33.31127828,48,0.5384,11.85380889,16150,0.894,540.92,98.67,21.6,26.8,2,5,63.27341631,19941.5541,33.31127828,0.048,1335.99287,0.76766086,0.5384,11.8538089,19.9415541,9
23380,OSO117.1/7,blank,8,2.09,8.87,4.68,2.065737566,4.317391513,18.32309221,9.66765181,32.30813553,28.11493861,73.85,0.4382,9.588621444,15660,1.038,708.74,48.22,19.2,22.1,3,4,51.9019481,20334.4001,28.11493861,0.07385,1392.26435,4.02082127,0.4382,9.58862144,20.3344001,7.5
23381,OSO118.1/6,blank,7,2.09,4.47,9.26,2.282573545,4.770578709,10.20310375,21.13663103,36.11031348,21.76385678,67.27,0.6992,12.14310524,11304,0.856,1226,236.81,20.9,20.5,2,10,72.34830955,15120.2531,21.76385678,0.06727,1957.83771,8.33899633,0.6992,12.1431052,15.1202531,7
23382,OSO118.1/7,blank,7,2.09,4.47,9.26,2.282573545,4.770578709,10.20310375,21.13663103,36.11031348,17.14488819,84.53,0.8741,13.8973242,14549,0.968,1395,100.13,22.4,25.6,3,10,70.10419671,13250.5105,17.14488819,0.08453,1628.19962,17.4323251,0.8741,13.8973242,13.2505105,10.3
23383,O101.1/3,dht,3,0.75,3.06,12.19,3.583097354,2.687323016,10.9642779,43.67795675,57.32955767,23.49597001,68.03,3.0605,55.21378315,16668,0.32,3256,124.55,16.8,21.9,0,0,142.3728643,12150.0327,23.49597001,0.06803,,0.46428718,3.0605,55.2137832,13.1378122,5.8
23384,O2B.3/5,dht,3,0.75,3.06,12.19,3.583097354,2.687323016,10.9642779,43.67795675,57.32955767,52.65826756,59.8,2.6114,48.64754098,13144,,,,16.5,19.6,0,0,134.1709112,13997.5745,52.65826756,0.0598,1627.79024,2.4649221,2.6114,48.647541,9.07963118,5.9
23385,O2B.3/6,dht,3,0.75,3.06,12.19,3.583097354,2.687323016,10.9642779,43.67795675,57.32955767,22.6876505,44.63,0.6769,11.40906793,19096,3.86,1403,285.67,18.5,17.2,0,0,98.7789719,8889.9717,22.6876505,0.04463,1333.85733,0.84384982,0.6769,11.4090679,7.88627944,5.2
23386,O101.1/4,blank,4,4.84,7.31,3.19,2.116092063,10.24188559,15.46863298,6.750333683,32.46085225,90.35554046,53.19,0.271,4.473423572,16762,0.572,1069,76.6,20.9,20.7,2,5,83.06046245,24886.8235,90.35554046,0.05319,1373.70071,1.12957986,0.271,4.47342357,24.8868235,8.3
23387,O103.1/5,blank,5,4.93,3.06,7.8,2.090503704,10.30618326,6.396941333,16.30592889,33.00905348,33.88864935,50.78,0.488,9.143713697,19230,0.816,,,20.6,19.7,2,4,63.46836258,27327.4014,33.88864935,0.05078,1448.04707,13.7433156,0.488,9.1437137,27.3274014,7.5
23388,O104.1/7,blank,5,4.93,3.06,7.8,2.090503704,10.30618326,6.396941333,16.30592889,33.00905348,22.22575364,49.41,0.2729,6.347987904,15573,0.614,658.16,140,19.9,17.2,2,6,61.86005587,,22.22575364,0.04941,753.356201,4.51424875,0.2729,6.3479879,,8.9
23389,OSO120.1/2,dht,8,2.09,8.87,4.68,2.497020106,5.218772021,22.14856834,11.6860541,39.05339446,46.12891614,77.12,0.7808,4.542968523,15311,1.19,565.93,207.99,28.5,28.6,0,0,88.00723026,6321.0942,46.12891614,0.07712,2477.5102,26.7960282,0.7808,4.54296852,6.3210942,11.1
23390,OSO113.6/7,blank,6,0.74,7.46,7.8,2.501275132,1.850943598,18.65951249,19.50994603,40.02040212,108.2540438,53.4,,,14354,1.04,1285,239.27,19.72,21.6,2,1,78.04059607,17902.4283,108.2540438,0.0534,1632.78136,16.8566341,,,7.3478972,7.2
23391,OSO113.6/8,blank,6,0.74,7.46,7.8,2.501275132,1.850943598,18.65951249,19.50994603,40.02040212,29.15420654,50.01,0.8423,16.86961746,15448,1.79,1175,189.91,20.6,18.2,2,5,68.45851396,18248.6111,29.15420654,0.05001,1850.12874,13.8371674,0.8423,16.8696175,1.69667637,7.7
23392,OSO118.1/8,blank,7,2.09,4.47,9.26,2.282573545,4.770578709,10.20310375,21.13663103,36.11031348,76.61410888,55.67,0.3396,7.453906936,18404,1.588,912.1,168.72,20.03,19.3,3,10,85.93591989,8753.9501,76.61410888,0.05567,1990.85822,9.81255222,0.3396,7.45390694,8.75395011,7.8
23393,OSO117.1/6,blank,8,2.09,8.87,4.68,2.065737566,4.317391513,18.32309221,9.66765181,32.30813553,39.6623601,63.55,0.1474,2.738250046,11931,2.38,2163,51.22,21.5,21,3,6,80.08753187,15327.2827,39.6623601,0.06355,1710.96876,6.84194498,0.1474,2.73825005,15.3272827,9.8
23394,OSO117.1/8,blank,8,2.09,8.87,4.68,2.065737566,4.317391513,18.32309221,9.66765181,32.30813553,43.70395762,58.37,0.6362,11.0413051,15298,0.169,557.59,69.16,20.4,21.6,2,2,121.367404,19185.3876,43.70395762,0.05837,1842.50901,9.74127441,0.6362,11.0413051,19.1853876,9.3
23395,OSO113.6/6,blank,6,0.74,7.46,7.8,2.501275132,1.850943598,18.65951249,19.50994603,40.02040212,83.42708756,52.78,0.9389,12.13990173,17136,0.846,700.3,156.54,21.7,22,2,4,119.973371,8823.415,83.42708756,0.05278,1934.07345,1.90484746,0.9389,12.1399017,5.34587025,7.9
23396,O101.1/7,dht,4,4.84,7.31,3.19,2.211912169,10.7056549,16.16907796,7.05599982,33.93073268,71.18682078,75.38,0.6357,8.636054884,16247,0.356,734.08,140,23.2,22.7,0,,55.67051188,12276.4349,71.18682078,0.07538,2050.64055,,0.6357,8.63605488,12.2764349,9.2
23397,OSO117.1/5,dht,7,2.09,4.47,9.26,2.485087831,5.193833566,11.1083426,23.01191331,39.31408948,49.93956523,58.64,0.9225,16.1558669,21231,0.1732,425.43,66.17,24.3,20.7,0,,108.3547406,4559.8699,49.93956523,0.05864,1397.72621,,0.9225,16.1558669,4.55986986,6.8
23398,OSO121.1/7,dht,6,0.74,7.46,7.8,2.622092063,1.940348127,19.56080679,20.4523181,41.95347302,22.45670207,70.58,0.9044,14.04347826,13373,0.284,717.18,101.58,22.3,23.2,0,1,98.94858324,11211.1169,22.45670207,0.07058,2021.57568,2.55625411,0.9044,14.0434783,5.94636526,10
23399,OSO121.1/6,dht,6,0.74,7.46,7.8,2.622092063,1.940348127,19.56080679,20.4523181,41.95347302,33.65770092,73.49,0.9231,11.43866171,13980,2.76,352.63,72.14,22.4,20.7,0,1,109.1832623,12764.684,33.65770092,0.07349,2433.55497,1.93454544,0.9231,11.4386617,1.17344072,8.9
23400,OSO119.1/6,dht,7,2.09,4.47,9.26,2.485087831,5.193833566,11.1083426,23.01191331,39.31408948,36.89097894,73.72,1.4667,20.66647879,17274,0.618,810.27,202.87,23.2,20.9,0,0,107.4287459,17378.8911,36.89097894,0.07372,1379.92765,7.46787495,1.4667,20.6664788,17.3788911,9.3
23401,OSO119.1/7,dht,7,2.09,4.47,9.26,2.485087831,5.193833566,11.1083426,23.01191331,39.31408948,45.0896482,65.76,0.4218,6.447569551,14573,0.336,641.33,160.62,24,20.2,0,0,98.36374444,8731.7675,45.0896482,0.06576,1597.606,5.97846959,0.4218,6.44756955,8.7317675,9.3
23406,O103.1/4,blank,5,4.93,3.06,7.8,2.090503704,10.30618326,6.396941333,16.30592889,33.00905348,102.1339104,63.012,0.5999,16.65463631,22805,0.78,616.14,157.9,19.2,17,2,6,43.07510426,4667.0949,102.1339104,0.063012,,12.6993631,0.5999,16.6546363,4.66709493,5.9
23407,OSO119.1/8,dht,6,0.74,7.46,7.8,2.622092063,1.940348127,19.56080679,20.4523181,41.95347302,35.59939769,67.8,3.1834,37.39457301,15869,0.626,810.27,211.81,22.9,23.1,0,,74.51267566,17046.1586,35.59939769,0.0678,2428.00235,,3.1834,37.394573,0.22678523,8.2
23408,O104.1/8,dht,4,4.84,7.31,3.19,2.211912169,10.7056549,16.16907796,7.05599982,33.93073268,102.0965269,51.54,1.4845,16.80629458,14894,0.142,1107,60.2,21.8,22.2,0,1,55.98478979,10684.4287,102.0965269,0.05154,1597.03876,0.74471996,1.4845,16.8062946,10.6844287,8.5
23409,O104.1/9,dht,4,4.84,7.31,3.19,2.211912169,10.7056549,16.16907796,7.05599982,33.93073268,27.81144562,89.58,1.72,27.17648918,19264,,1218,627.73,22.8,20.5,0,,49.32476595,13554.7297,27.81144562,0.08958,1779.48495,,1.72,27.1764892,13.5547297,8.9
23410,OSO113.6/9,dht,5,4.93,3.06,7.8,2.080355556,10.25615289,6.365888,16.22677333,32.84881422,54.05085337,84.11,0.9277,13.98191409,16788,1.222,2704,94.37,24.6,24,0,0,59.73140846,9172.988,54.05085337,0.08411,1648.06487,4.4080887,0.9277,13.9819141,9.17298798,11.2
23411,O103.1/6,dht,5,4.93,3.06,7.8,2.080355556,10.25615289,6.365888,16.22677333,32.84881422,69.98620145,51.45,1.2638,20.87545425,19309,0.958,4170,72.26,23.7,22.3,0,0,54.38237804,14831.2728,69.98620145,0.05145,1994.0818,0.45863374,1.2638,20.8754543,14.8312728,9.4
23412,O103.1/7,dht,5,4.93,3.06,7.8,2.080355556,10.25615289,6.365888,16.22677333,32.84881422,67.23046457,64.3,0.9732,14.43702715,18971,0.1124,1872,2.31,24.5,21.9,0,0,58.33833205,13486.789,67.23046457,0.0643,1741.41888,0.10805319,0.9732,14.4370272,13.486789,10.2
23413,OSO121.2/6,dht,8,2.09,8.87,4.68,2.493847737,5.21214177,22.12042942,11.67120741,39.0037786,69.98620145,50.49,1.3137,15.19079556,16650,0.676,1675,220.91,24.02,19.3,0,0,58.08795522,10727.4568,69.98620145,0.05049,1658.45859,0.34836694,1.3137,15.1907956,10.7274568,10
23414,OSO121.2/8,dht,8,2.09,8.87,4.68,2.493847737,5.21214177,22.12042942,11.67120741,39.0037786,64.47472768,56.25,1.4728,23.71276767,13710,0.642,1346,27.07,23.04,17.9,0,,59.9407438,16040.8662,64.47472768,0.05625,1385.33953,,1.4728,23.7127677,,6.8
23415,OSO121.2/9,dht,9,6.27,4.47,4.72,2.191707231,13.74200434,9.796931323,10.34485813,33.88379379,73.94008481,50.5,0.1904,2.603226689,17155,0.834,952.29,94.37,23.6,21.1,0,0,59.73140846,8235.6165,73.94008481,0.0505,1504.22904,,0.1904,2.60322669,,7.9
23416,OSO121.2/10,dht,9,6.27,4.47,4.72,2.191707231,13.74200434,9.796931323,10.34485813,33.88379379,42.90809117,59.24,0.2505,4.48522829,20284,0.1228,1079,2.31,22.37,19.9,0,0,41.4629333,9971.8001,42.90809117,0.05924,1672.48896,3.27829163,0.2505,4.48522829,9.97180011,8.9
23417,OSO121.2/10+1,dht,9,6.27,4.47,4.72,2.191707231,13.74200434,9.796931323,10.34485813,33.88379379,64.23509839,64.15,0.3152,6.147844744,20946,0.332,461.99,2.31,24.24,17,0,0,34.70275873,16502.2188,64.23509839,0.06415,1290.61674,1.68121772,0.3152,6.14784474,16.5022188,8.3
23418,O101.2/3,blank,9,6.27,4.47,4.72,2.215437037,13.89079022,9.903003556,10.45686281,34.25065659,20.62256678,42.58,0.3588,4.707425872,11877,1.156,6144,241.09,21.65,18.2,2,6,12.71967252,25859.9997,20.62256678,0.04258,1687.23451,0.17552912,0.3588,4.70742587,0.01059,6.7
23419,O101.2/5,blank,9,6.27,4.47,4.72,2.215437037,13.89079022,9.903003556,10.45686281,34.25065659,17.98664454,52.68,0.1885,2.722808031,26918,1.236,4112,83.36,21.71,19.1,2,6,27.29160438,19341.1416,17.98664454,0.05268,1361.70258,0.05131955,0.1885,2.72280803,0.03212832,5.5
23420,O101.2/2,blank,9,6.27,4.47,4.72,2.215437037,13.89079022,9.903003556,10.45686281,34.25065659,79.69118788,48.08,0.3229,6.148134044,26238,0.618,396.7,2.31,20.9,19.4,2,5,34.40230652,23090.1737,79.69118788,0.04808,1480.23876,0.13752652,0.3229,6.14813404,0.24070596,6.3
23421,OSO119.2/6,blank,10,3.43,5.89,6.19,2.233511111,7.660943111,13.15538044,13.82543378,34.64175733,47.46104777,82.47,0.1564,3.165351143,12728,0.778,6205,72.26,19.64,19,2,14,37.90758223,,47.46104777,0.08247,1177.31438,0.59290547,0.1564,3.16535114,0.02060239,10.2
23422,O103.2/4,blank,1,8.88,3.03,3.22,2.090909524,18.56727657,6.335455857,6.732728667,31.6354611,45.18456947,64.5,0.1885,4.283117473,16986,0.602,2490,116.17,21.51,16.4,2,,34.35223115,18625.2433,45.18456947,0.0645,1296.49484,0.01295633,0.1885,4.28311747,0.78493559,9.1
23423,O103.2/8,dht,1,8.88,3.03,3.22,1.99089418,17.67914032,6.032409365,6.410679259,30.12222894,50.09697001,55.95,0.3278,6.264093254,9242,0.0662,2490,72.26,22.18,18.2,0,,38.60863737,11986.1756,50.09697001,0.05595,1180.76559,0.03309342,0.3278,6.26409325,0.12849373,9
23424,O103.2/9,dht,1,8.88,3.03,3.22,1.99089418,17.67914032,6.032409365,6.410679259,30.12222894,36.19847092,60.71,0.1404,3.556231003,10168,0.328,2331,275.84,21.35,17.7,0,,27.14137828,13332.2221,36.19847092,0.06071,,,0.1404,3.556231,0.82791044,7
23425,OSO119.2/7,dht,10,3.43,5.89,6.19,2.401257143,8.236312,14.14340457,14.86378171,37.24349829,108.6863325,78.44,0.1318,2.576231431,14757,3.82,1579,357.52,24.07,24,0,0,28.69371466,5753.3553,108.6863325,0.07844,1842.76056,5.60723316,0.1318,2.57623143,0.28709696,10.5
23426,OSO119.2/8,dht,10,3.43,5.89,6.19,2.401257143,8.236312,14.14340457,14.86378171,37.24349829,80.41007577,53.35,0.1409,3.597140669,13500,0.526,4053,413.11,21.33,19.5,0,0,31.59808596,14974.2892,80.41007577,0.05335,1234.92849,0.54577818,0.1409,3.59714067,0.0672808,11.3
23427,OSO119.2/9,dht,10,3.43,5.89,6.19,2.401257143,8.236312,14.14340457,14.86378171,37.24349829,47.22141847,64.95,0.2328,5.134539038,14833,0.025,2867,290.52,23.17,19.1,0,,34.30215579,7693.7869,47.22141847,0.06495,1687.02955,,0.2328,5.13453904,,9.9
23428,O103.2/7,blank,2,0.74,11.62,3.23,3.641238095,2.69451619,42.31118667,11.76119905,56.7669019,23.13867437,25.02,2.9426,54.96077699,13364,,5416,88.87,16.4,27.5,0,,40.61165206,14554.6524,23.13867437,0.02502,,2.45760437,2.9426,54.960777,10.3185659,7.7
23464,OSO119.2/5,blank,10,3.43,5.89,6.19,2.233511111,7.660943111,13.15538044,13.82543378,34.64175733,29.48885068,57.04,0.9007,10.77263485,17981,1.83,4818,49.83,20.8,19.3,2,3,27.94258415,15547.8854,29.48885068,0.05704,1332.17015,3.00759987,0.9007,10.7726349,0.08645618,7.8
23465,O103.2/10,dht,2,0.74,11.62,3.23,3.117771429,2.307150857,36.228504,10.07040171,48.60605657,19.54423495,47.17,0.8478,10.29383196,13240,2.46,1122,2.31,19.12,21.9,0,,83.17571419,17320.2937,19.54423495,0.04717,1934.14558,,0.8478,10.293832,2.68950867,7.5
23466,OSO118.2/10,blank,4,4.84,7.31,3.19,2.229607937,10.79130241,16.29843402,7.112449317,34.20218575,58.24436602,66.61,0.1592,4.43454039,16815,0.55,713,72.26,19.67,19.8,2,,56.48554346,17521.4512,58.24436602,0.06661,,,0.1592,4.43454039,17.5214512,8.1
23467,OSO118.2/10+1,blank,4,4.84,7.31,3.19,2.229607937,10.79130241,16.29843402,7.112449317,34.20218575,17.50738595,105.37,1.5686,33.03706824,11748,0.366,870.3,617.38,19.7,19.9,3,,18.83868557,14052.0987,17.50738595,0.10537,1546.32788,0.0506307,1.5686,33.0370682,14.0520987,10.7
23468,O104.2/8,dht,2,0.74,11.62,3.23,3.117771429,2.307150857,36.228504,10.07040171,48.60605657,19.9036789,30.45,0.7828,15.31598513,9714,3.62,7617,179.82,17.03,23.4,0,,76.63705853,7777.2793,19.9036789,0.03045,,,0.7828,15.3159851,4.70973484,8.3
23469,O103.2/5,blank,1,8.88,3.03,3.22,2.090909524,18.56727657,6.335455857,6.732728667,31.6354611,40.03253964,46.26,0.1807,4.314708691,16588,,9474,471.61,21.84,16.3,2,,36.09341986,11035.4111,40.03253964,0.04626,,,0.1807,4.31470869,0.75679347,8.5
23470,OSO119.2/4,blank,10,3.43,5.89,6.19,2.233511111,7.660943111,13.15538044,13.82543378,34.64175733,,70.52,0.8827,21.17294315,16108,,,,18.98,18.7,3,0,,,,0.07052,1159.59619,3.76440437,0.8827,21.1729432,0.15812719,9
23471,O103.2/6,blank,2,0.74,11.62,3.23,3.641238095,2.69451619,42.31118667,11.76119905,56.7669019,34.76069516,25.6,0.5149,6.880010689,12758,0.32,2384,99.85,21.41,25.6,2,0,40.88086059,27488.2027,34.76069516,0.0256,,,0.5149,6.88001069,4.84381135,9.7
23472,O3B.5/4,dht,5,4.93,3.06,7.8,2.091811111,10.31262878,6.400942,16.31612667,33.02969744,61.83880544,56.81,0.4107,8.48553719,21661,0.502,1675,105.31,22.42,20.4,0,,50.3262733,10873.3824,61.83880544,0.05681,1680.79005,0.0917693,0.4107,8.48553719,10.8733824,9.3
23473,O3B.5/5,dht,5,4.93,3.06,7.8,2.091811111,10.31262878,6.400942,16.31612667,33.02969744,53.69140943,78,1.0368,16.44930985,18348,0.59,1872,200.49,25.22,25.1,0,,59.48206259,7175.5148,53.69140943,0.078,,,1.0368,16.4493099,7.17551483,12.3
23474,O105.1/2,dht,4,4.84,7.31,3.19,2.396363492,11.5983993,17.51741713,7.64439954,36.76021597,95.52049402,106.3,0.1262,1.881055299,19099,0.0151,4287,2.31,27.05,29.1,1,0,43.51602336,,95.52049402,0.1063,1866.43134,0.53935141,0.1262,1.8810553,,10.3
23475,O105.1/3,dht,4,4.84,7.31,3.19,2.396363492,11.5983993,17.51741713,7.64439954,36.76021597,93.83867784,76.48,1.4202,19.30668842,23400,0.0402,1122,2.31,23.75,24.4,1,,29.64514664,12325.135,93.83867784,0.07648,,,1.4202,19.3066884,12.325135,7.5
23476,O105.1/5,blank,5,4.93,3.06,7.8,2.305912698,11.3681496,7.056092857,17.98611905,36.41036151,20.98201072,56.09,0.5006,10.85664715,14879,2.3,1079,300.25,23.75,22.3,1,,28.19296099,25010.3253,20.98201072,0.05609,1816.34721,0.85656528,0.5006,10.8566472,,9.9
23477,O105.1/4,blank,5,4.93,3.06,7.8,2.305912698,11.3681496,7.056092857,17.98611905,36.41036151,100.0596779,67.04,1.0831,12.90480162,18750,0.924,1627,2.31,21.9,23.3,2,,24.73776065,9315.5173,100.0596779,0.06704,,,1.0831,12.9048016,,9.2
23478,O106.1/4,blank,6,0.74,7.46,7.8,2.715588889,2.009535778,20.25829311,21.18159333,43.44942222,21.46126931,58.73,0.7013,10.40195788,12047,1.012,4640,261.03,23.3,21,3,,63.89669781,23520.3857,21.46126931,0.05873,1478.52419,14.9462607,0.7013,10.4019579,0.50704753,11.3
23479,O106.1/3,blank,6,0.74,7.46,7.8,2.715588889,2.009535778,20.25829311,21.18159333,43.44942222,53.67295032,63.83,0.466,7.664473684,18953,0.772,3367,126.96,22.8,21.4,2,,41.92811325,16886.2114,53.67295032,0.06383,,,0.466,7.66447368,,9.6
23480,O2B.4/4,dht,6,0.74,7.46,7.8,3.418452381,2.529654762,25.50165476,26.66392857,54.6952381,38.23531993,76.71,0.7226,13.70897363,15773,0.346,3707,61.09,22.87,21.2,0,,75.7394134,12738.1263,38.23531993,0.07671,1535.37011,0.79450552,0.7226,13.7089736,3.83802092,9.7
23481,O2B.4/5,dht,6,0.74,7.46,7.8,3.418452381,2.529654762,25.50165476,26.66392857,54.6952381,58.12455137,61.18,1.9261,33.43923611,16044,,2867,72.26,21.64,23.6,0,,110.016111,4501.0882,58.12455137,0.06118,,,1.9261,33.4392361,,10.7
23482,O106.1/5,dht,7,2.09,4.47,9.26,2.823650794,5.901430159,12.62171905,26.14700635,44.67015556,62.75448118,64.32,0.7675,10.22515321,17910,0.454,44.9,562.78,25.6,26,0,,61.49553222,17448.3149,62.75448118,0.06432,1967.55783,11.9866659,0.7675,10.2251532,17.4483149,9.2
23483,O101.3/5,blank,7,2.09,4.47,9.26,2.663244048,5.56618006,11.90470089,24.66163988,42.13252083,60.79815876,60.2,0.617,12.29573535,16963,1.968,1724,72.26,21.39,18.4,2,,47.38905411,14106.2876,60.79815876,0.0602,1254.1028,4.20467922,0.617,12.2957354,14.1062876,9.4
23484,O100.6/5,blank,8,2.09,8.87,4.68,2.6167,5.468903,23.210129,12.246156,40.925188,48.40811682,54.89,1.0507,13.93871053,17250,9.98,1872,38.49,24.04,21.1,2,,40.72894642,25301.4977,48.40811682,0.05489,1619.76608,7.75064217,1.0507,13.9387105,25.3014977,7.1
23485,OSO121.3/9,dht,9,6.27,4.47,4.72,2.580894841,16.18221065,11.53659994,12.18182365,39.90063425,103.7285672,85.21,0.8762,14.535501,14452,1.638,2704,408.54,23.8,20.6,0,,43.08773456,9950.2908,103.7285672,0.08521,1438.5866,0.09736519,0.8762,14.535501,0.01059,13
23486,O4.6/3,dht,7,2.09,4.47,9.26,2.728015873,5.701553175,12.19423095,25.26142698,43.15721111,41.34361922,142.97,1.9432,29.88618886,15597,0.604,1479,114.97,22.89,19.9,0,,55.99169322,11625.8206,41.34361922,0.14297,,,1.9432,29.8861889,11.6258206,9.3
23487,OSO121.3/6,dht,8,2.09,8.87,4.68,2.396007937,5.007656587,21.2525904,11.21331714,37.47356413,75.47057685,114.71,1.0553,13.68741894,13306,0.02,936.07,44.86,23.57,21.3,0,,59.18299483,11399.5839,75.47057685,0.11471,1418.12648,0.94907989,1.0553,13.6874189,0.53546586,8.9
23488,OSO121.3/8,dht,8,2.09,8.87,4.68,2.396007937,5.007656587,21.2525904,11.21331714,37.47356413,50.14707008,75.82,2.6048,26.33771486,16384,0.372,1310,2.31,24.56,20,0,,80.5970911,12833.552,50.14707008,0.07582,,,2.6048,26.3377149,0.25050033,8.4
23489,O100.6/6,blank,8,2.09,8.87,4.68,2.6167,5.468903,23.210129,12.246156,40.925188,86.3390347,58.3,1.7856,27.30275229,13514,0.716,936.07,901.31,24.27,22.4,2,,62.46679793,20486.2885,86.3390347,0.0583,,,1.7856,27.3027523,20.4862885,10.7
23490,OSO113.8/2,blank,9,6.27,4.47,4.72,2.326908289,14.58971497,10.40128005,10.98300713,35.97400215,44.60415658,46.49,1.0484,23.60198109,16861,5.72,997.68,2.31,19.54,20.4,1,,18.89859341,18485.2351,44.60415658,0.04649,1103.178,0.09913884,1.0484,23.6019811,0.01059,10.8
23491,OSO113.8/3,blank,9,6.27,4.47,4.72,2.326908289,14.58971497,10.40128005,10.98300713,35.97400215,73.94899276,39.89,1.8734,29.61429023,19647,0.786,1018,2.31,22.51,23.4,2,,49.10033179,12575.519,73.94899276,0.03989,,,1.8734,29.6142902,0.01059,9.2
23492,O100.6/7,blank,7,2.09,4.47,9.26,2.674727891,5.590181293,11.95603367,24.76798027,42.31419524,112.0972798,77.52,0.9197,15.52236287,12354,0.736,1247,472.48,22.46,16.8,2,,47.11154963,19169.8907,112.0972798,0.07752,,,0.9197,15.5223629,19.1698907,8.7
23493,OSO120.2/6,blank,10,3.43,5.89,6.19,2.440085714,8.369494,14.37210486,15.10413057,37.84572943,82.3177053,45.49,2.6963,44.45671888,22833,3.24,1991,623.05,18.81,17.3,2,,5.670879514,14036.5477,82.3177053,0.04549,,0.2696655,2.6963,44.4567189,0.27193212,6.3
23494,O106.2/7,dht,10,3.43,5.89,6.19,2.379285714,8.16095,14.01399286,14.72777857,36.90272143,47.53864019,58.4,3.6635,42.63850093,16032,,2293,913.71,24.12,24,0,,47.71280935,10251.0962,47.53864019,0.0584,1789.34523,0.24920588,3.6635,42.6385009,1.07850694,7.7
23495,O106.2/8,dht,10,3.43,5.89,6.19,2.379285714,8.16095,14.01399286,14.72777857,36.90272143,63.51527322,47.09,1.6425,20.15090173,9129,,1521,44.86,22.25,22.9,0,,49.51658852,18240.5541,63.51527322,0.04709,,,1.6425,20.1509017,0.25379778,9.9
23496,O106.2/9,dht,10,3.43,5.89,6.19,2.379285714,8.16095,14.01399286,14.72777857,36.90272143,74.7097848,89.56,5.7093,62.28100796,18040,,2142,44.86,22.88,20.5,0,,47.99031384,10246.0293,74.7097848,0.08956,,,5.7093,62.281008,0.73159779,7.5
23497,O106.2/6,dht,9,6.27,4.47,4.72,2.580894841,16.18221065,11.53659994,12.18182365,39.90063425,107.6412121,52.28,1.8187,23.16815287,22908,1.294,1352,458.57,23.23,17.1,2,0,55.06667826,11621.2707,107.6412121,0.05228,,2.89329846,1.8187,23.1681529,0.44258266,9
23498,O106.2/10,blank,10,3.43,5.89,6.19,2.440085714,8.369494,14.37210486,15.10413057,37.84572943,31.8880609,60.74,1.9828,35.66828566,19881,0.93,2013,2.31,21.22,17.8,2,,56.31544846,,31.8880609,0.06074,,,1.9828,35.6682857,0.30687456,6.5
23499,oso113.10/6,blank,1,8.88,3.03,3.22,2.21889881,19.70382143,6.723263393,7.144854167,33.57193899,101.7722448,43.27,2.0879,40.0134151,11973,0.84,2922,2.31,22.76,21.8,1,11,32.63506554,7813.2695,101.7722448,0.04327,,,2.0879,40.0134151,,16.4
23500,oso113.10/7,blank,1,8.88,3.03,3.22,2.21889881,19.70382143,6.723263393,7.144854167,33.57193899,53.40760743,54.61,1.0431,20.30562585,8931,,1970,20.63,21.41,18.4,2,,28.75000271,9640.9595,53.40760743,0.05461,,,1.0431,20.3056259,,10.9
23501,oso121.4/5,dht,1,8.88,3.03,3.22,2.147687075,19.07146122,6.507491837,6.915552381,32.49450544,75.2532077,75.34,1.3151,26.32832833,15049,,459.27,2.31,23.81,17.1,0,,25.7437041,7086.1718,75.2532077,0.07534,,,1.3151,26.3283283,0.01059,10.7
23502,oso121.4/6,dht,1,8.88,3.03,3.22,2.147687075,19.07146122,6.507491837,6.915552381,32.49450544,103.0764598,82.82,0.8366,15.98395109,16892,,2164,2.31,22.93,17.5,0,,29.21251019,3524.8048,103.0764598,0.08282,,,0.8366,15.9839511,0.01059,11.1
23503,oso121.4/7,dht,1,8.88,3.03,3.22,2.147687075,19.07146122,6.507491837,6.915552381,32.49450544,84.70876602,59.17,1.7296,38.65027933,17528,,1798,2.31,22.32,17.4,0,,22.96865923,7204.1348,84.70876602,0.05917,,,1.7296,38.6502793,0.00099407,10
23504,oso118.4/6,blank,2,0.74,11.62,3.23,4.430285714,3.278411429,51.47992,14.30982286,69.06815429,70.6884554,70.49,1.1076,16.70840247,13110,4.74,1649,84.27,23.73,23.9,2,7,72.78071471,26413.7173,70.6884554,0.07049,,,1.1076,16.7084025,3.3934553,10
23505,oso118.4/8,blank,2,0.74,11.62,3.23,4.430285714,3.278411429,51.47992,14.30982286,69.06815429,81.23085951,46.92,1.6199,30.55262165,13216,,1948,2.31,20.22,21.2,2,,11.82222898,26499.0723,81.23085951,0.04692,,,1.6199,30.5526217,2.90270485,8.7
23506,oso118.4/7,blank,2,0.74,11.62,3.23,4.430285714,3.278411429,51.47992,14.30982286,69.06815429,38.51782018,52.55,0.8053,11.79062958,13443,,1268,1504,22.31,23.8,2,,66.25935926,,38.51782018,0.05255,,,0.8053,11.7906296,3.48421971,9.2
23507,o103.4/6,dht,2,0.74,11.62,3.23,3.09247619,2.288432381,35.93457333,9.988698095,48.21170381,41.77835754,82.89,1.4041,16.90261225,14982,,1905,90.27,22.6,24.2,0,,50.99661245,6488.2597,41.77835754,0.08289,,,1.4041,16.9026123,,8.4
23508,o103.4/7,dht,2,0.74,11.62,3.23,3.09247619,2.288432381,35.93457333,9.988698095,48.21170381,23.62803294,64.77,0.6166,7.136574074,16664,,1289,2.31,22.42,25.1,0,,50.67285721,9612.8203,23.62803294,0.06477,,,0.6166,7.13657407,,7.8
23509,oso121.4/8,dht,2,0.74,11.62,3.23,3.09247619,2.288432381,35.93457333,9.988698095,48.21170381,38.19176645,54.15,0.4378,5.326034063,15420,,1691,2.31,22.47,28.7,0,,56.77795594,19822.1271,38.19176645,0.05415,,,0.4378,5.32603406,3.73938497,8.4
23510,o104.4/7,blank,4,4.84,7.31,3.19,2.419904762,11.71233905,17.68950381,7.71949619,37.12133905,32.97490668,58.46,0.2956,4.800259825,10511,,1649,486.35,23,25,3,,38.27765678,15112.7325,32.97490668,0.05846,,,0.2956,4.80025983,15.1127325,13.8
23511,oso119.4/5,blank,4,4.84,7.31,3.19,2.487357143,12.03880857,18.18258071,7.934669286,38.15605857,65.1455419,68.44,0.2465,3.625,15834,,2596,127.68,24.56,20.5,2,,33.60633124,12134.4153,65.1455419,0.06844,,,0.2465,3.625,12.1344153,9.8
23512,o105.4/5,dht,4,4.84,7.31,3.19,2.418857143,11.70726857,17.68184571,7.716154286,37.10526857,38.19176645,74.9,0.5375,5.497034158,14500,,1415,102.49,24.9,23.4,0,,51.50537068,16134.8807,38.19176645,0.0749,,,0.5375,5.49703416,16.1348807,10.5
23513,o105.4/6,dht,4,4.84,7.31,3.19,2.418857143,11.70726857,17.68184571,7.716154286,37.10526857,46.9952173,68.2,0.1783,3.413093415,15175,,2207,844.94,23.1,23.1,0,,59.7380038,7417.6208,46.9952173,0.0682,,,0.1783,3.41309342,7.41762083,10.3
23514,o101.5/7,dht,5,4.93,3.06,7.8,2.260857143,11.14602571,6.918222857,17.63468571,35.69893429,39.27861223,82.67,0.7018,9.607118412,22106,0.056,1627,374.66,24.67,23.2,0,,37.9076508,17366.9325,39.27861223,0.08267,,,0.7018,9.60711841,17.3669325,7.8
23515,o101.5/8,dht,5,4.93,3.06,7.8,2.260857143,11.14602571,6.918222857,17.63468571,35.69893429,34.82254452,61.19,0.3708,4.124124124,19547,,2120,2.31,28.74,21.9,0,,,15660.3555,34.82254452,0.06119,,,0.3708,4.12412412,15.6603555,9.5
23516,oso119.4/4,blank,4,4.84,7.31,3.19,2.487357143,12.03880857,18.18258071,7.934669286,38.15605857,54.49445321,73,0.3115,4.782742208,13979,,346.78,72.51,21.8,29,3,,44.72078701,,54.49445321,0.073,,,0.3115,4.78274221,,10.5
23517,oso119.4/3,blank,5,4.93,3.06,7.8,2.214142857,10.91572429,6.775277143,17.27031429,34.96131571,39.38729681,59.05,,,15412,0.752,2185,39.7,22.2,25.4,1,,59.13297837,22225.6432,39.38729681,0.05905,,,,,0.01481741,11.1
23518,o101.5/4,blank,5,4.93,3.06,7.8,2.214142857,10.91572429,6.775277143,17.27031429,34.96131571,49.49496261,58.39,0.3822,7.233156699,17968,,2661,207.43,21.13,24.8,3,,52.60011654,24869.7877,49.49496261,0.05839,,,0.3822,7.2331567,24.8697877,9.3
23519,o101.5/5,blank,5,4.93,3.06,7.8,2.214142857,10.91572429,6.775277143,17.27031429,34.96131571,100.2506607,6.902,1.0673,19.79781117,15120,,,,21.94,18.1,3,,85.21455651,12512.9615,100.2506607,0.006902,,,1.0673,19.7978112,12.5129615,11.9
23520,o105.4/7,dht,4,4.84,7.31,3.19,2.418857143,11.70726857,17.68184571,7.716154286,37.10526857,76.44873806,7.552,0.8825,10.69567325,19957,0.236,1585,318.53,23.6,20.2,2,0,37.58389556,15360.2068,76.44873806,0.007552,,1.92681457,0.8825,10.6956733,15.3602068,8.7
23521,o104.5/10,blank,6,0.74,7.46,7.8,2.730892857,2.020860714,20.37246071,21.30096429,43.69428571,,48.85,1.5618,27.45297943,18306,11.98,1310,269.58,21,21.8,2,,62.02539048,19956.4331,,0.04885,,,1.5618,27.4529794,2.69477321,8.1
23522,o104.5/6,dht,6,0.74,7.46,7.8,2.568571429,1.900742857,19.16154286,20.03485714,41.09714286,81.72718176,57.78,1.8269,23.61861668,13047,0.906,1606,8.6,21.35,25.3,1,0,70.75649569,12371.6457,81.72718176,0.05778,,3.87118279,1.8269,23.6186167,0.43702455,9.1
23523,o104.5/7,dht,6,0.74,7.46,7.8,2.568571429,1.900742857,19.16154286,20.03485714,41.09714286,45.27960093,62.82,1.9692,31.81774115,14358,,2034,78.35,22.5,24,0,,53.59028089,13461.6675,45.27960093,0.06282,,,1.9692,31.8177412,0.21090416,9
23524,o104.5/9,blank,6,0.74,7.46,7.8,2.730892857,2.020860714,20.37246071,21.30096429,43.69428571,53.33431492,63.74,1.1865,19.33355059,18317,,2164,90.27,22.63,21.7,2,,56.03574724,25740.4083,53.33431492,0.06374,,,1.1865,19.3335506,4.0786695,6.4
23525,o104.5/10+1,blank,6,0.74,7.46,7.8,2.730892857,2.020860714,20.37246071,21.30096429,43.69428571,43.26592243,75.07,0.4145,9.45267959,14782,,4248,84.27,22.39,21.1,2,,58.76891552,16288.1623,43.26592243,0.07507,,,0.4145,9.45267959,0.83577521,9.3
23526,oso113.11/2,dht,5,4.93,3.06,7.8,2.362047619,11.64489476,7.227865714,18.42397143,37.2967319,47.39396335,68.13,2.0819,30.89330761,16718,,3008,8.6,22.72,22.1,0,,54.40543634,8176.4627,47.39396335,0.06813,,,2.0819,30.8933076,8.17646274,9.3
23527,o103.5/7,dht,7,2.09,4.47,9.26,2.692486772,5.627297354,12.03541587,24.93242751,42.59514074,39.64130113,67.11,6.1282,111.0382316,18000,,955.07,24.33,24.11,21.6,0,,58.52916392,10162.1211,39.64130113,0.06711,,,6.1282,111.038232,0.01481741,9
23528,o103.5/8,dht,6,0.74,7.46,7.8,2.692433862,1.992401058,20.08555661,21.00098413,43.0789418,196.1041205,58.12,0.4612,6.743675976,16036,1.1,738.54,123.38,22.26,32.4,2,5,40.69164462,7564.7277,196.1041205,0.05812,,21.3359914,0.4612,6.74367598,,8.4
23529,o103.5/9,dht,7,2.09,4.47,9.26,2.692486772,5.627297354,12.03541587,24.93242751,42.59514074,65.01365022,64.12,1.1011,19.90779244,15558,0.45,,,23.43,20.7,1,0,78.86009988,9889.3802,65.01365022,0.06412,,3.33756383,1.1011,19.9077924,9.8893802,8.2
23530,o103.5/5,blank,7,2.09,4.47,9.26,2.413154762,5.043493452,10.78680179,22.3458131,38.17610833,69.34305899,61.62,3.5164,90.58450759,19003,0.992,882,87.62,23.18,22.7,2,,52.72717511,11859.784,69.34305899,0.06162,,,3.5164,90.5845076,11.859784,7.4
23531,o103.5/4,blank,7,2.09,4.47,9.26,2.413154762,5.043493452,10.78680179,22.3458131,38.17610833,92.29899388,70.08,0.4385,9.90960452,15940,,548.45,39.17,22.93,23.7,2,,45.39077605,,92.29899388,0.07008,,,0.4385,9.90960452,,7.5
23532,o103.5/6,blank,7,2.09,4.47,9.26,2.413154762,5.043493452,10.78680179,22.3458131,38.17610833,108.9118415,64.59,0.5366,11.28259041,17119,,,,21.59,22.2,2,,22.47052277,9039.5127,108.9118415,0.06459,,,0.5366,11.2825904,9.0395127,8
23533,oso118.5/6,blank,8,2.09,8.87,4.68,2.583142857,5.398768571,22.91247714,12.08910857,40.40035429,105.589272,68.88,0.3534,4.520337682,12720,4.26,582.3,2.31,25.5,26.5,2,,69.30628992,14680,105.589272,0.06888,,,0.3534,4.52033768,14.68,10.1
23534,oso118.5/5,blank,8,2.09,8.87,4.68,2.583142857,5.398768571,22.91247714,12.08910857,40.40035429,56.95893622,79.12,0.2781,4.828125,11153,,845.78,39.17,22.38,24.3,2,,70.80236515,15978.1704,56.95893622,0.07912,,,0.2781,4.828125,15.9781704,10
23535,oso118.5/10,dht,8,2.09,8.87,4.68,2.823238095,5.900567619,25.0421219,13.21275429,44.15544381,75.18272664,92.8,2.2499,14.48464559,18804,,738.54,2.31,32.66,36.2,0,,65.6737617,13412.3172,75.18272664,0.0928,,,2.2499,14.4846456,,9.7
23536,oso118.5/10+1,dht,8,2.09,8.87,4.68,2.823238095,5.900567619,25.0421219,13.21275429,44.15544381,88.27163688,65.13,1.5581,25.09017713,20768,8.26,1427,12.52,25.97,26.4,2,6,61.88568636,21312.2958,88.27163688,0.06513,,10.1780229,1.5581,25.0901771,21.3122958,7.1
23537,oso117.3/7,blank,9,6.27,4.47,4.72,2.383703704,14.94582222,10.65515556,11.25108148,36.85205926,60.68424144,55.06,0.3161,93.99345822,19020,3.72,3022,1000,21.27,19.9,2,,59.34431937,10542.0375,60.68424144,0.05506,,,0.3161,93.9934582,0.43125202,7.5
23538,oso117.3/9,blank,9,6.27,4.47,4.72,2.383703704,14.94582222,10.65515556,11.25108148,36.85205926,116.6645037,86.64,0.3398,8.442236025,17939,,1485,778.29,20.47,18.5,2,,47.5964908,13092.2944,116.6645037,0.08664,,,0.3398,8.44223603,0.45570347,9.9
23539,o106.4/6,blank,10,3.43,5.89,6.19,2.51952381,8.641966667,14.83999524,15.59585238,39.07781429,58.06645939,64.63,0.4799,10.40817212,21990,1.74,1160,56.73,20.93,20.8,2,,48.02804369,29870.5701,58.06645939,0.06463,,,0.4799,10.4081721,0.28413007,7.2
23540,oso117.3/8,blank,9,6.27,4.47,4.72,2.383703704,14.94582222,10.65515556,11.25108148,36.85205926,371.6968856,58.45,0.4829,9.638722555,8962,,809.79,39.17,21.43,21.1,1,,47.06903727,6768.7802,371.6968856,0.05845,,,0.4829,9.63872256,0.15699853,9.8
23541,oso118.5/8,dht,7,2.09,4.47,9.26,2.652116402,5.54292328,11.85496032,24.55859788,41.95648148,93.70856883,115.2,1.098,18.44138394,25750,,599.35,76.75,26.73,35.3,0,,45.43872637,10687.8981,93.70856883,0.1152,,,1.098,18.4413839,10.6878981,7.8
23542,oso117.3/4,dht,8,2.09,8.87,4.68,2.823238095,5.900567619,25.0421219,13.21275429,44.15544381,39.74198505,82.02,0.3515,5.234549516,22987,,1331,2.31,25.83,30,0,,117.7791273,21877.6169,39.74198505,0.08202,,,0.3515,5.23454952,21.8776169,7.7
23543,oso117.3/5,dht,9,6.27,4.47,4.72,2.45973545,15.42254127,10.99501746,11.60995132,38.02751005,52.62952745,82.16,0.4002,6.45483871,9224,0.258,1048,2.31,23.79,20,0,,57.37835622,11383.9622,52.62952745,0.08216,,,0.4002,6.45483871,11.3839622,11.4
23544,o106.4/9,dht,9,6.27,4.47,4.72,2.45973545,15.42254127,10.99501746,11.60995132,38.02751005,27.96196584,62.24,0.6487,13.85519009,14390,,1312,2.31,22.65,21.8,0,,57.0906543,4815.9258,27.96196584,0.06224,,,0.6487,13.8551901,4.81592575,11.8
23545,oso117.3/6,dht,9,6.27,4.47,4.72,2.45973545,15.42254127,10.99501746,11.60995132,38.02751005,43.5679742,82.9,2.1515,34.30872269,16478,,882,778.29,23.78,20.1,0,,89.31326979,5117.5212,43.5679742,0.0829,,,2.1515,34.3087227,5.11752117,10.3
23546,o106.4/5,blank,10,3.43,5.89,6.19,2.51952381,8.641966667,14.83999524,15.59585238,39.07781429,63.10065564,69.99,0.6034,15.22199798,16145,,4629,39.17,21,22.9,3,,54.5492873,17352.2808,63.10065564,0.06999,,,0.6034,15.221998,0.24126696,9.3
23547,o106.4/7,blank,10,3.43,5.89,6.19,2.51952381,8.641966667,14.83999524,15.59585238,39.07781429,40.95019215,129.17,0.3614,5.276682727,24857,,338.38,39.17,22.59,24.2,3,,58.6841558,14136.7987,40.95019215,0.12917,,,0.3614,5.27668273,0.54534164,6.3
23548,0106.4/10,dht,10,3.43,5.89,6.19,2.677619048,9.184233333,15.77117619,16.5744619,41.52987143,43.9707099,70.86,0.8908,7.174035596,15930,0.606,1103,375.18,28.9,33,2,0,43.1850613,15094.0971,43.9707099,0.07086,,15.5911382,0.8908,7.1740356,0.36190795,10.4
23549,oso118.5/7,blank,8,2.09,8.87,4.68,2.583142857,5.398768571,22.91247714,12.08910857,40.40035429,45.48096878,119.1,0.318,3.830863751,21500,,465.47,2.31,26.1,23.3,2,,51.81611902,24147.0565,45.48096878,0.1191,,,0.318,3.83086375,24.1470565,9
23550,o105.5/5,dht,10,3.43,5.89,6.19,2.655178571,9.1072625,15.63900179,16.43555536,41.18181964,26.35102304,70.48,0.4055,4.651296169,19054,2.66,668.35,2.31,24.82,24.1,2,2,,10667.4274,26.35102304,0.07048,,1.55052867,0.4055,4.65129617,,7.9
23551,o105.5/6,dht,10,3.43,5.89,6.19,2.655178571,9.1072625,15.63900179,16.43555536,41.18181964,81.62649783,81.39,0.7528,7.019768743,14727,,531.67,2.31,29.17,32.5,0,,50.76121197,6759.7042,81.62649783,0.08139,,,0.7528,7.01976874,0.13765895,11
23552,o101.6/7,blank,1,8.88,3.03,3.22,2.272291667,20.17795,6.88504375,7.316779167,34.37977292,51.01858465,61.32,0.1547,3.925399645,17943,0.71,465.47,2.31,22.3,21.3,2,3,43.32891226,15187.0683,51.01858465,0.06132,,,0.1547,3.92539965,0.00487238,7.8
23553,o101.6/8,blank,1,8.88,3.03,3.22,2.272291667,20.17795,6.88504375,7.316779167,34.37977292,87.9695851,57.91,0.2401,3.885742029,21428,,774.04,123.38,23.5,23.2,2,,51.91201966,9520.9766,87.9695851,0.05791,,,0.2401,3.88574203,0.51114842,7.9
23554,o109.1/4,dht,1,8.88,3.03,3.22,2.273015873,20.18438095,6.887238095,7.319111111,34.39073016,113.2412503,95.22,0.6264,9.934972244,17675,,1680,2.31,21.53,20.2,0,,41.31499879,14100.6624,113.2412503,0.09522,,,0.6264,9.93497224,,9.7
23555,o109.1/5,dht,2,0.74,11.62,3.23,3.627936508,2.684673016,42.15662222,11.71823492,56.55953016,49.70969362,60.44,3.8009,44.14518002,11700,,1029,31.4,23.47,24.1,0,,52.87102608,7394.392,49.70969362,0.06044,,,3.8009,44.14518,3.72228749,11
23556,o108.1/7,dht,5,4.93,3.06,7.8,2.228412698,10.9860746,6.818942857,17.38161905,35.18663651,53.13294707,80.39,0.8332,13.49967596,18911,,1198,24.33,25.5,22.2,0,,,12024.406,53.13294707,0.08039,,,0.8332,13.499676,12.024406,8.4
23557,oso113.12/4,blank,4,4.84,7.31,3.19,2.876,13.91984,21.02356,9.17444,44.11784,108.3814413,68.3,,,8832,,400.97,2.31,20.79,26.4,2,,,29215.7591,108.3814413,0.0683,,,,,29.2157591,9.8
23558,oso126.1/7,blank,5,4.93,3.06,7.8,2.530857143,12.47712571,7.744422857,19.74068571,39.96223429,127.5383676,56.29,2.1172,30.0952381,8739,,498.37,2.31,23.23,28,1,,42.75350841,11350.1488,127.5383676,0.05629,,,2.1172,30.0952381,11.3501488,8.9
23559,oso126.1/8,blank,5,4.93,3.06,7.8,2.530857143,12.47712571,7.744422857,19.74068571,39.96223429,221.4764696,74.16,0.8161,16.00823852,21621,,633.69,12.52,23.31,23.9,3,,47.69239144,17431.9981,221.4764696,0.07416,,,0.8161,16.0082385,17.4319981,8.1
23560,o108.1/5,blank,2,0.74,11.62,3.23,4.127,3.05398,47.95574,13.33021,64.33993,47.63819816,48.63,3.2519,37.97617657,15000,,433,2.31,24.24,32.3,1,,100.0257013,24606.3263,47.63819816,0.04863,,,3.2519,37.9761766,2.00754068,7.9
23561,oso113.12/3,blank,4,4.84,7.31,3.19,2.876,13.91984,21.02356,9.17444,44.11784,82.93538886,52.48,0.9416,8.948869036,26140,1.484,1274,2.31,32.75,34.6,2,3,62.57395139,20068.8433,82.93538886,0.05248,,,0.9416,8.94886904,20.0688433,8.2
23562,o109.1/6,dht,2,0.74,11.62,3.23,3.627936508,2.684673016,42.15662222,11.71823492,56.55953016,31.13902142,58.25,0.6936,6.90080589,13862,1.824,2075,12.52,23.32,25.7,2,0,80.36722396,12837.8806,31.13902142,0.05825,,2.95360312,0.6936,6.90080589,10.3421864,8.5
23563,o108.1/3,blank,2,0.74,11.62,3.23,4.127,3.05398,47.95574,13.33021,64.33993,27.85369187,78.61,1.0553,16.11145038,17021,0.7,1388,56.73,22.99,33,1,4,67.6968487,,27.85369187,0.07861,,,1.0553,16.1114504,2.95928807,8.2
23564,o109.1/8,dht,4,4.84,7.31,3.19,2.880714286,13.94265714,21.05802143,9.189478571,44.19015714,40.88172284,62.72,0.3403,4.333927662,17438,0.4,1179,47.63,26.89,24.6,2,0,58.90088571,16935.622,40.88172284,0.06272,,0.18976789,0.3403,4.33392766,16.935622,11.2
23565,o109.1/7,dht,4,4.84,7.31,3.19,2.880714286,13.94265714,21.05802143,9.189478571,44.19015714,47.11252026,50.04,0.3664,6.605372273,16624,,955.07,2.31,23.87,22.3,1,,53.71755037,17137.8935,47.11252026,0.05004,,,0.3664,6.60537227,17.1378935,9.1
23566,o3b.9/1,blank,7,2.09,4.47,9.26,2.588285714,5.409517143,11.56963714,23.96752571,40.94668,51.64400929,65.39,1.7021,28.7080452,15297,,498.37,2.31,23.9,24.4,3,,53.40340884,27245.2805,51.64400929,0.06539,,,1.7021,28.7080452,27.2452805,9.6
23567,o103.6/7,blank,6,0.74,7.46,7.8,2.78125,2.058125,20.748125,21.69375,44.5,28.19355355,105,1.3505,19.07216495,12029,,248.74,24.33,24.42,25.4,1,,66.64971025,22382.3253,28.19355355,0.105,,,1.3505,19.072165,2.40123925,13.1
23568,o103.6/9,dht,5,4.93,3.06,7.8,2.312142857,11.39886429,7.075157143,18.03471429,36.50873571,64.55875303,44.46,,,17219,,165.43,2.31,19.14,22.1,0,,66.17849794,,64.55875303,0.04446,,,,,,9.5
23569,oso118.6/10,dht,6,0.74,7.46,7.8,3.147285714,2.328991429,23.47875143,24.54882857,50.35657143,18.67742658,155.48,1.171,10.61842583,11290,,563.6,63.44,27.94,24.5,0,,119.2160605,8278.311,18.67742658,0.15548,,,1.171,10.6184258,0.96638693,11.3
23570,oso118.6/7,dht,7,2.09,4.47,9.26,2.766785714,5.782582143,12.36753214,25.62043571,43.77055,62.51958297,73.65,1.2688,18.44722303,17679,,252.81,847.67,26.26,26.9,0,,80.78607934,,62.51958297,0.07365,,,1.2688,18.447223,,11.2
23571,oso118.6/8,dht,7,2.09,4.47,9.26,2.766785714,5.782582143,12.36753214,25.62043571,43.77055,38.84255278,103.8,0.9713,12.78093584,15404,,44.9,2.31,28.2,24.9,0,,68.74398715,,38.84255278,0.1038,,,0.9713,12.7809358,,11.7
23572,o3b.9/2,blank,1,8.88,3.03,3.22,2.255555556,20.02933333,6.834333333,7.262888889,34.12655556,80.6455391,57.41,0.7349,13.1702509,13632,,632.42,2.31,21.57,17.6,2,,37.32983361,,80.6455391,0.05741,,,0.7349,13.1702509,0.01059,10.2
23573,o103.6/8,blank,6,0.74,7.46,7.8,2.78125,2.058125,20.748125,21.69375,44.5,52.0971582,67.8,1.4454,20.26356372,10729,,315.42,534.6,22.23,25.4,2,,89.80252054,2840.9043,52.0971582,0.0678,,,1.4454,20.2635637,0.76847325,9.8
23574,oso118.6/6,dht,6,0.74,7.46,7.8,3.147285714,2.328991429,23.47875143,24.54882857,50.35657143,32.72504258,71.26,0.9505,14.8376522,14012,,412.5,45.16,23.2,19.9,0,,64.71250411,7774.1511,32.72504258,0.07126,,,0.9505,14.8376522,0.36168901,10.4
23575,oso127.1/4,blank,9,6.27,4.47,4.72,2.434214286,15.26252357,10.88093786,11.48949143,37.63295286,68.75038039,73.88,1.8414,38.27478695,19038,,649.76,347.25,20.84,21.9,2,,77.63444202,,68.75038039,0.07388,,,1.8414,38.274787,0.03428233,7.3
23576,o109.2/7,dht,1,8.88,3.03,3.22,2.320555556,20.60653333,7.031283333,7.472188889,35.11000556,55.6090622,61.76,1.8842,38.78550844,19247,0.574,315.42,2.31,23.72,20.3,1,0,47.38236274,,55.6090622,0.06176,,0.04121362,1.8842,38.7855084,0.01330266,8.9
23577,oso127.1/6,dht,8,2.09,8.87,4.68,2.681984127,5.605346825,23.78919921,12.55168571,41.94623175,111.7995262,89.61,0.6252,3.985465672,16603,,44.9,29.43,28.83,32.2,0,,102.4094884,,111.7995262,0.08961,,,0.6252,3.98546567,,9.5
23578,oso127.1/7,dht,8,2.09,8.87,4.68,2.681984127,5.605346825,23.78919921,12.55168571,41.94623175,82.45813471,71.21,0.8647,9.040250915,15508,,44.9,84.04,25.31,27.9,0,,,5644,82.45813471,0.07121,,,0.8647,9.04025092,5.644,9.3
23579,o104.6/9,dht,10,3.43,5.89,6.19,2.602936508,8.928072222,15.33129603,16.11217698,40.37154524,51.41743484,63.32,6.402,86.33850303,16770,,396.09,84.04,23.65,25.7,0,,52.87983961,,51.41743484,0.06332,,,6.402,86.338503,0.21554121,10
23580,o104.6/6,blank,10,3.43,5.89,6.19,2.941071429,10.087875,17.32291071,18.20523214,45.61601786,44.39362684,67.25,1.5299,36.23466654,26250,,1188,347.25,22.82,23,3,,46.75407967,21404.4363,44.39362684,0.06725,,,1.52986386,36.2346665,0.43470859,6.6
23663,o104.6/8,blank,10,3.43,5.89,6.19,2.941071429,10.087875,17.32291071,18.20523214,45.61601786,50.96428594,88.21,0.9268,19.1892466,21094,0.664,283.88,131.42,23.76,22.5,2,,49.94785195,,50.96428594,0.08821,,,0.92684061,19.1892466,0.32467199,7.2
23664,o106.5/7,blank,7,2.09,4.47,9.26,2.50452381,5.234454762,11.19522143,23.19189048,39.62156667,78.60636903,64.78,1.7856,29.5042961,15820,,331.36,84.04,24.11,21,3,,50.156527,,78.60636903,0.06478,,,1.7856,29.5042961,,8.6
23665,oso127.1/3,blank,8,2.09,8.87,4.68,2.434214286,5.087507857,21.59148071,11.39212286,38.07111143,25.24808568,64.09,0.4929,6.476152937,26483,,412.5,3830,22.31,22.6,2,,73.35139634,,25.24808568,0.06409,,,0.4929,6.47615294,,6.3
23666,oso127.1/5,blank,9,6.27,4.47,4.72,2.831928571,17.75619214,12.65872071,13.36670286,43.78161571,35.78379768,74.09,1.2035,20.81819754,22167,,44.9,106.75,22,19.3,2,,56.12596881,,35.78379768,0.07409,,,1.2035,20.8181975,0.01059,9.3
23667,oso128.1/6,dht,9,6.27,4.47,4.72,2.831928571,17.75619214,12.65872071,13.36670286,43.78161571,46.09293523,85.49,3.2036,32.40542181,21169,,790.17,63.44,26.68,19,0,,65.07900257,8355.0314,46.09293523,0.08549,,,3.2036,32.4054218,0.01758091,9.9
23668,oso128.1/7,dht,9,6.27,4.47,4.72,2.764357143,17.33251929,12.35667643,13.04776571,42.73696143,39.29570168,72.78,2.4621,30.38879289,16689,,44.9,29.43,24.82,25.1,0,,60.10509492,10355.9451,39.29570168,0.07278,,,2.4621,30.3887929,0.01059,7.4
23669,oso128.1/5,blank,8,2.09,8.87,4.68,2.764357143,5.777506429,24.51984786,12.93719143,43.23454571,38.38940387,78.23,0.88,12.69658058,10042,,462.23,16.51,24.01,19.9,3,,77.63444202,19154.2529,38.38940387,0.07823,,,0.88,12.6965806,19.1542529,12.6
23670,o109.2/10,dht,10,3.43,5.89,6.19,2.602936508,8.928072222,15.33129603,16.11217698,40.37154524,61.38671071,63.29,0.9,15.65762004,11187,0.526,843.51,29.43,23.25,23.2,2,,,12369.2468,61.38671071,0.06329,,,0.9,15.65762,0.10760435,7.1